{
    "accounts": {
        "10820094992512831292S": {
            "pending": 5.9025566499575e-05,
            "received": 0.0
        },
        "18294662001496320345S": {
            "pending": 0.0,
            "received": 13.749940974433501
        }
    },
    "skip": [],
    "lastpayout": 1524417195
}