{
    "skip": [],
    "lastpayout": 1524421744,
    "accounts": {
        "10820094992512831292S": {
            "pending": 7.588999887135293e-05,
            "received": 0.0
        },
        "18294662001496320345S": {
            "pending": 0.0,
            "received": 14.84992411000113
        }
    }
}