{
    "lastpayout": 1524423602,
    "skip": [],
    "accounts": {
        "10820094992512831292S": {
            "received": 0.0,
            "pending": 8.432221406288945e-05
        },
        "18294662001496320345S": {
            "received": 14.84992411000113,
            "pending": 0.5499915677848085
        }
    }
}